,Greater,Greater,,,,Two-sided,,,,,
,Words,P-Value,Frequency,,,Words,P-Value,Frequency,,,
0,call,8.59266925638747E-212,568,,0,call,8.59266925638747E-212,568,,TRUE,TRUE
1,txt,2.60795589808533E-131,168,,1,txt,2.60795589808533E-131,168,,TRUE,TRUE
2,free,3.06264542081383E-116,233,,2,free,3.06264542081383E-116,233,,TRUE,TRUE
3,claim,2.21540496414281E-102,109,,3,claim,2.21540496414281E-102,109,,TRUE,TRUE
4,mobile,1.87752838572607E-98,139,,4,mobile,1.87752838572607E-98,139,,TRUE,TRUE
5,www,7.04355209094763E-88,100,,5,www,7.04355209094763E-88,100,,TRUE,TRUE
6,prize,9.8164716326164E-81,87,,6,prize,9.8164716326164E-81,87,,TRUE,TRUE
7,text,1.62666088808947E-65,200,,7,text,1.62666088808947E-65,200,,TRUE,TRUE
8,stop,4.36835097848194E-63,142,,8,stop,4.36835097848194E-63,142,,TRUE,TRUE
9,service,2.33734051036374E-58,76,,9,service,2.33734051036374E-58,76,,TRUE,TRUE
10,reply,3.61027977491901E-54,136,,10,reply,3.61027977491901E-54,136,,TRUE,TRUE
11,win,5.17529735206263E-51,80,,11,win,5.17529735206263E-51,80,,TRUE,TRUE
12,tone,2.58327759591725E-50,55,,12,tone,2.58327759591725E-50,55,,TRUE,TRUE
13,urgent,3.39934105443125E-48,69,,13,urgent,3.39934105443125E-48,69,,TRUE,TRUE
14,cash,1.30107857869616E-47,78,,14,cash,1.30107857869616E-47,78,,TRUE,TRUE
15,min,1.08693140941951E-46,122,,15,min,1.08693140941951E-46,122,,TRUE,TRUE
16,guaranteed,1.13977411524729E-45,50,,16,guaranteed,1.13977411524729E-45,50,,TRUE,TRUE
17,box,1.24332385555871E-45,62,,17,box,1.24332385555871E-45,62,,TRUE,TRUE
18,nokia,4.47573871163773E-45,57,,18,nokia,4.47573871163773E-45,57,,TRUE,TRUE
19,ppm,9.60148904145031E-45,49,,19,ppm,9.60148904145031E-45,49,,TRUE,TRUE
20,com,1.41754403776534E-39,74,,20,com,1.41754403776534E-39,74,,TRUE,TRUE
21,pobox,2.68835983852726E-38,42,,21,pobox,2.68835983852726E-38,42,,TRUE,TRUE
22,contact,1.06487763830542E-37,70,,22,contact,1.06487763830542E-37,70,,TRUE,TRUE
23,customer,6.59824680095606E-37,60,,23,customer,6.59824680095606E-37,60,,TRUE,TRUE
24,awarded,1.22763441388381E-34,38,,24,awarded,1.22763441388381E-34,38,,TRUE,TRUE
25,rate,1.17829859878897E-31,42,,25,rate,1.17829859878897E-31,42,,TRUE,TRUE
26,voucher,2.66249668137026E-31,37,,26,voucher,2.66249668137026E-31,37,,TRUE,TRUE
27,draw,8.65738823512743E-30,44,,27,draw,8.65738823512743E-30,44,,TRUE,TRUE
28,per,2.93506971902081E-29,58,,28,per,2.93506971902081E-29,58,,TRUE,TRUE
29,land,1.30260679437878E-28,34,,29,land,1.30260679437878E-28,34,,TRUE,TRUE
30,landline,2.62801862874653E-28,36,,30,landline,2.62801862874653E-28,36,,TRUE,TRUE
31,latest,3.82369847921682E-28,38,,31,latest,3.82369847921682E-28,38,,TRUE,TRUE
32,new,5.14673119599112E-27,133,,32,new,5.14673119599112E-27,133,,TRUE,TRUE
33,offer,1.58110998227735E-26,44,,33,offer,1.58110998227735E-26,44,,TRUE,TRUE
34,ringtone,1.81554661391875E-26,29,,34,ringtone,1.81554661391875E-26,29,,TRUE,TRUE
35,code,6.18284401354402E-26,31,,35,code,6.18284401354402E-26,31,,TRUE,TRUE
36,line,3.52587044894804E-25,46,,36,line,3.52587044894804E-25,46,,TRUE,TRUE
37,apply,8.70047765992801E-25,32,,37,apply,8.70047765992801E-25,32,,TRUE,TRUE
38,video,8.70047765992801E-25,32,,38,video,8.70047765992801E-25,32,,TRUE,TRUE
39,camera,1.15089146975096E-24,34,,39,camera,1.15089146975096E-24,34,,TRUE,TRUE
40,valid,1.15514244104423E-24,27,,40,valid,1.15514244104423E-24,27,,TRUE,TRUE
41,msg,1.45147423910406E-24,125,,41,msg,1.45147423910406E-24,125,,TRUE,TRUE
42,collection,9.17995149360089E-24,26,,42,collection,9.17995149360089E-24,26,,TRUE,TRUE
43,mob,9.17995149360089E-24,26,,43,mob,9.17995149360089E-24,26,,TRUE,TRUE
44,chat,3.68313934893024E-23,52,,44,chat,3.68313934893024E-23,52,,TRUE,TRUE
45,orange,4.42895562080787E-22,31,,45,orange,4.42895562080787E-22,31,,TRUE,TRUE
46,weekly,5.75498607908723E-22,24,,46,weekly,5.75498607908723E-22,24,,TRUE,TRUE
47,receive,2.65548526424505E-21,34,,47,receive,2.65548526424505E-21,34,,TRUE,TRUE
48,network,3.11486804617312E-21,32,,48,network,3.11486804617312E-21,32,,TRUE,TRUE
49,cost,4.52591950565865E-21,46,,49,cost,4.52591950565865E-21,46,,TRUE,TRUE
50,entry,4.5399215866936E-21,23,,50,entry,4.5399215866936E-21,23,,TRUE,TRUE
51,optout,4.5399215866936E-21,23,,51,optout,4.5399215866936E-21,23,,TRUE,TRUE
52,week,1.53604017766834E-20,124,,52,week,1.53604017766834E-20,124,,TRUE,TRUE
53,national,3.57265036101264E-20,22,,53,national,3.57265036101264E-20,22,,TRUE,TRUE
54,bonus,2.80461505346106E-19,21,,54,bonus,2.80461505346106E-19,21,,TRUE,TRUE
55,http,2.80461505346106E-19,21,,55,http,2.80461505346106E-19,21,,TRUE,TRUE
56,sae,2.80461505346106E-19,21,,56,sae,2.80461505346106E-19,21,,TRUE,TRUE
57,selected,1.03066153947635E-18,29,,57,selected,1.03066153947635E-18,29,,TRUE,TRUE
58,holiday,3.8594042849177E-18,47,,58,holiday,3.8594042849177E-18,47,,TRUE,TRUE
59,pound,7.02291223303649E-18,28,,59,pound,7.02291223303649E-18,28,,TRUE,TRUE
60,attempt,7.60991935188709E-18,24,,60,attempt,7.60991935188709E-18,24,,TRUE,TRUE
61,chance,3.06005368722862E-17,41,,61,chance,3.06005368722862E-17,41,,TRUE,TRUE
62,award,4.05158156487907E-17,21,,62,award,4.05158156487907E-17,21,,TRUE,TRUE
63,delivery,4.05158156487907E-17,21,,63,delivery,4.05158156487907E-17,21,,TRUE,TRUE
64,please,5.18979481070895E-17,130,,64,please,5.18979481070895E-17,130,,TRUE,TRUE
65,unsubscribe,1.33717963044763E-16,18,,65,unsubscribe,1.33717963044763E-16,18,,TRUE,TRUE
66,collect,2.33529345934567E-16,28,,66,collect,2.33529345934567E-16,28,,TRUE,TRUE
67,send,2.3463536280056E-16,194,,67,send,2.3463536280056E-16,194,,TRUE,TRUE
68,show,2.92513356980341E-16,61,,68,show,2.92513356980341E-16,61,,TRUE,TRUE
69,await,3.01445681021162E-16,20,,69,await,3.01445681021162E-16,20,,TRUE,TRUE
70,phone,4.01080946067935E-16,135,,70,phone,4.01080946067935E-16,135,,TRUE,TRUE
71,dating,1.03958390326334E-15,17,,71,dating,1.03958390326334E-15,17,,TRUE,TRUE
72,expires,1.03958390326334E-15,17,,72,expires,1.03958390326334E-15,17,,TRUE,TRUE
73,opt,1.03958390326334E-15,17,,73,opt,1.03958390326334E-15,17,,TRUE,TRUE
74,poly,1.03958390326334E-15,17,,74,poly,1.03958390326334E-15,17,,TRUE,TRUE
75,age,1.19212913269149E-15,34,,75,age,1.19212913269149E-15,34,,TRUE,TRUE
76,private,2.23188172888711E-15,19,,76,private,2.23188172888711E-15,19,,TRUE,TRUE
77,music,2.63651738473186E-15,23,,77,music,2.63651738473186E-15,23,,TRUE,TRUE
78,gbp,8.06273225815014E-15,16,,78,gbp,8.06273225815014E-15,16,,TRUE,TRUE
79,identifier,8.06273225815014E-15,16,,79,identifier,8.06273225815014E-15,16,,TRUE,TRUE
80,ltd,8.06273225815014E-15,16,,80,ltd,8.06273225815014E-15,16,,TRUE,TRUE
81,mobileupd,8.06273225815014E-15,16,,81,mobileupd,8.06273225815014E-15,16,,TRUE,TRUE
82,winner,8.06273225815014E-15,16,,82,winner,8.06273225815014E-15,16,,TRUE,TRUE
83,info,1.96065589642392E-14,20,,83,info,1.96065589642392E-14,20,,TRUE,TRUE
84,camcorder,6.23821392934007E-14,15,,84,camcorder,6.23821392934007E-14,15,,TRUE,TRUE
85,operator,6.23821392934007E-14,15,,85,operator,6.23821392934007E-14,15,,TRUE,TRUE
86,colour,9.04680101866298E-14,23,,86,colour,9.04680101866298E-14,23,,TRUE,TRUE
87,club,1.20436804278991E-13,17,,87,club,1.20436804278991E-13,17,,TRUE,TRUE
88,suite,1.3721251258518E-13,19,,88,suite,1.3721251258518E-13,19,,TRUE,TRUE
89,every,4.56614667478352E-13,66,,89,every,4.56614667478352E-13,66,,TRUE,TRUE
90,freemsg,4.81499733177494E-13,14,,90,freemsg,4.81499733177494E-13,14,,TRUE,TRUE
91,wkly,4.81499733177494E-13,14,,91,wkly,4.81499733177494E-13,14,,TRUE,TRUE
92,gift,7.87114057805758E-13,27,,92,gift,7.87114057805758E-13,27,,TRUE,TRUE
93,mths,8.77196866730847E-13,16,,93,mths,8.77196866730847E-13,16,,TRUE,TRUE
94,quiz,8.77196866730847E-13,16,,94,quiz,8.77196866730847E-13,16,,TRUE,TRUE
95,final,9.52440947662857E-13,18,,95,final,9.52440947662857E-13,18,,TRUE,TRUE
96,statement,9.52440947662857E-13,18,,96,statement,9.52440947662857E-13,18,,TRUE,TRUE
97,credit,2.35411730206082E-12,23,,97,credit,2.35411730206082E-12,23,,TRUE,TRUE
98,txts,3.70759268306828E-12,13,,98,txts,3.70759268306828E-12,13,,TRUE,TRUE
99,live,9.65489380807795E-12,41,,99,live,9.65489380807795E-12,41,,TRUE,TRUE
100,tried,1.43305708329977E-11,22,,100,tried,1.43305708329977E-11,22,,TRUE,TRUE
101,row,2.32883978386969E-11,20,,101,row,2.32883978386969E-11,20,,TRUE,TRUE
102,complimentary,2.84806941515926E-11,12,,102,complimentary,2.84806941515926E-11,12,,TRUE,TRUE
103,ipod,2.84806941515926E-11,12,,103,ipod,2.84806941515926E-11,12,,TRUE,TRUE
104,redeemed,2.84806941515926E-11,12,,104,redeemed,2.84806941515926E-11,12,,TRUE,TRUE
105,rental,2.84806941515926E-11,12,,105,rental,2.84806941515926E-11,12,,TRUE,TRUE
106,congratulation,4.46550023242803E-11,16,,106,congratulation,4.46550023242803E-11,16,,TRUE,TRUE
107,price,1.95313637477343E-10,27,,107,price,1.95313637477343E-10,27,,TRUE,TRUE
108,charged,2.18259980399825E-10,11,,108,charged,2.18259980399825E-10,11,,TRUE,TRUE
109,fantasy,2.18259980399825E-10,11,,109,fantasy,2.18259980399825E-10,11,,TRUE,TRUE
110,std,2.18259980399825E-10,11,,110,std,2.18259980399825E-10,11,,TRUE,TRUE
111,game,2.33389062971789E-10,33,,111,game,2.33389062971789E-10,33,,TRUE,TRUE
112,update,5.07239963985267E-10,20,,112,update,5.07239963985267E-10,20,,TRUE,TRUE
113,top,7.99672482295423E-10,23,,113,come,6.4810621061174E-10,236,,FALSE,FALSE
114,content,1.41235365689173E-09,16,,114,lor,7.16798812781483E-10,145,,FALSE,FALSE
115,find,1.527548910901E-09,84,,115,top,7.99672482295423E-10,23,,FALSE,FALSE
116,xmas,1.56049954603212E-09,21,,116,content,1.41235365689173E-09,16,,FALSE,FALSE
117,admirer,1.66864915670366E-09,10,,117,find,1.527548910901E-09,84,,FALSE,FALSE
118,custcare,1.66864915670366E-09,10,,118,xmas,1.56049954603212E-09,21,,FALSE,FALSE
119,getzed,1.66864915670366E-09,10,,119,admirer,1.66864915670366E-09,10,,FALSE,TRUE
120,ldn,1.66864915670366E-09,10,,120,custcare,1.66864915670366E-09,10,,FALSE,TRUE
121,ntt,1.66864915670366E-09,10,,121,getzed,1.66864915670366E-09,10,,FALSE,TRUE
122,representative,1.66864915670366E-09,10,,122,ldn,1.66864915670366E-09,10,,FALSE,TRUE
123,reveal,1.66864915670366E-09,10,,123,ntt,1.66864915670366E-09,10,,FALSE,TRUE
124,max,2.3058651541716E-09,12,,124,representative,1.66864915670366E-09,10,,FALSE,FALSE
125,message,0.000000004,113,,125,reveal,1.66864915670366E-09,10,,FALSE,FALSE
126,hot,4.31107046051547E-09,22,,126,max,2.3058651541716E-09,12,,FALSE,FALSE
127,net,4.31107046051547E-09,22,,127,message,0.000000004,113,,FALSE,FALSE
128,worth,5.27957798193501E-09,17,,128,hot,4.31107046051547E-09,22,,FALSE,FALSE
129,number,6.08856702587099E-09,101,,129,net,4.31107046051547E-09,22,,FALSE,FALSE
130,double,8.61922915354302E-09,20,,130,worth,5.27957798193501E-09,17,,FALSE,FALSE
131,sub,8.82822775884992E-09,15,,131,later,0.000000006,132,,FALSE,FALSE
132,pic,1.14186017858704E-08,29,,132,number,6.08856702587099E-09,101,,FALSE,FALSE
133,bluetooth,1.27269904122851E-08,9,,133,double,8.61922915354302E-09,20,,FALSE,FALSE
134,ldew,1.27269904122851E-08,9,,134,sub,8.82822775884992E-09,15,,FALSE,FALSE
135,rcvd,1.27269904122851E-08,9,,135,pic,1.14186017858704E-08,29,,FALSE,FALSE
136,reward,1.27269904122851E-08,9,,136,bluetooth,1.27269904122851E-08,9,,FALSE,TRUE
137,ringtones,1.27269904122851E-08,9,,137,ldew,1.27269904122851E-08,9,,FALSE,TRUE
138,specially,1.27269904122851E-08,9,,138,rcvd,1.27269904122851E-08,9,,FALSE,TRUE
139,motorola,1.31966083798938E-08,13,,139,reward,1.27269904122851E-08,9,,FALSE,FALSE
140,sex,1.31966083798938E-08,13,,140,ringtones,1.27269904122851E-08,9,,FALSE,FALSE
141,valued,1.31966083798938E-08,13,,141,specially,1.27269904122851E-08,9,,FALSE,
142,txting,1.61727316594327E-08,11,,142,motorola,1.31966083798938E-08,13,,FALSE,
143,join,2.53704483172903E-08,27,,143,sex,1.31966083798938E-08,13,,FALSE,
144,word,0.000000027,59,,144,valued,1.31966083798938E-08,13,,FALSE,
145,account,2.9429358485738E-08,37,,145,txting,1.61727316594327E-08,11,,FALSE,
146,anytime,3.10763434086827E-08,16,,146,home,2.09450144298461E-08,165,,FALSE,
147,auction,8.55080435096145E-08,12,,147,join,2.53704483172903E-08,27,,FALSE,
148,comp,8.55080435096145E-08,12,,148,word,0.000000027,59,,FALSE,
149,direct,8.55080435096145E-08,12,,149,account,2.9429358485738E-08,37,,FALSE,
150,fancy,0.000000093,17,,150,anytime,3.10763434086827E-08,16,,FALSE,
151,awaiting,9.68408374871263E-08,8,,151,got,4.97020588192323E-08,241,,FALSE,
152,dogging,9.68408374871263E-08,8,,152,auction,8.55080435096145E-08,12,,FALSE,
153,entitled,9.68408374871263E-08,8,,153,comp,8.55080435096145E-08,12,,FALSE,
154,freephone,9.68408374871263E-08,8,,154,direct,8.55080435096145E-08,12,,FALSE,
155,inc,9.68408374871263E-08,8,,155,fancy,0.000000093,17,,FALSE,
156,polys,9.68408374871263E-08,8,,156,awaiting,9.68408374871263E-08,8,,FALSE,
157,ppmx,9.68408374871263E-08,8,,157,dogging,9.68408374871263E-08,8,,FALSE,
158,savamob,9.68408374871263E-08,8,,158,entitled,9.68408374871263E-08,8,,FALSE,
159,wap,9.68408374871263E-08,8,,159,freephone,9.68408374871263E-08,8,,FALSE,
160,del,1.12253129626229E-07,10,,160,inc,9.68408374871263E-08,8,,FALSE,
161,order,1.1705344026179E-07,20,,161,polys,9.68408374871263E-08,8,,FALSE,
162,term,1.79078886904657E-07,15,,162,ppmx,9.68408374871263E-08,8,,FALSE,
163,get,2.3247789525002E-07,383,,163,savamob,9.68408374871263E-08,8,,FALSE,
164,caller,2.45537123572642E-07,18,,164,wap,9.68408374871263E-08,8,,FALSE,
165,currently,3.26549790954806E-07,13,,165,del,1.12253129626229E-07,10,,FALSE,
166,match,5.0469096540594E-07,16,,166,order,1.1705344026179E-07,20,,FALSE,
167,discount,5.44619935718367E-07,11,,167,say,1.19351987850821E-07,113,,FALSE,
168,member,5.44619935718367E-07,11,,168,term,1.79078886904657E-07,15,,FALSE,
169,play,0.00000055,39,,169,caller,2.45537123572642E-07,18,,FALSE,
170,help,6.1555796529045E-07,59,,170,get,3.22921079825687E-07,383,,FALSE,
171,tscs,7.35132896451026E-07,7,,171,currently,3.26549790954806E-07,13,,FALSE,
172,biz,7.35132896451026E-07,7,,172,match,5.0469096540594E-07,16,,FALSE,
173,logo,7.35132896451026E-07,7,,173,discount,5.44619935718367E-07,11,,FALSE,
174,maximize,7.35132896451026E-07,7,,174,member,5.44619935718367E-07,11,,FALSE,
175,tenerife,7.35132896451026E-07,7,,175,play,0.00000055,39,,FALSE,
176,digital,7.69757371894625E-07,9,,176,help,6.1555796529045E-07,59,,FALSE,
177,ending,7.69757371894625E-07,9,,177,tscs,7.35132896451026E-07,7,,FALSE,
178,england,7.69757371894625E-07,9,,178,biz,7.35132896451026E-07,7,,FALSE,
179,norm,7.69757371894625E-07,9,,179,logo,7.35132896451026E-07,7,,FALSE,
180,sunshine,7.69757371894625E-07,9,,180,maximize,7.35132896451026E-07,7,,FALSE,
181,user,7.69757371894625E-07,9,,181,tenerife,7.35132896451026E-07,7,,FALSE,
182,point,1.04712930829207E-06,33,,182,digital,7.69757371894625E-07,9,,FALSE,
183,enter,0.000001922,12,,183,ending,7.69757371894625E-07,9,,FALSE,
184,sony,3.39979885852698E-06,10,,184,england,7.69757371894625E-07,9,,FALSE,
185,sexy,4.14114175651395E-06,25,,185,norm,7.69757371894625E-07,9,,FALSE,
186,special,4.62888333295465E-06,48,,186,sunshine,7.69757371894625E-07,9,,FALSE,
187,charge,5.13677544916059E-06,22,,187,user,7.69757371894625E-07,9,,FALSE,
188,player,5.13677544916059E-06,22,,188,going,7.88173037227302E-07,167,,FALSE,
189,dvd,5.20320693053101E-06,8,,189,point,1.04712930829207E-06,33,,FALSE,
190,balance,5.51172184299542E-06,13,,190,sorry,1.18886067074623E-06,151,,FALSE,
191,unlimited,5.51172184299542E-06,13,,191,enter,0.000001922,12,,FALSE,
192,secret,6.26282444294309E-06,16,,192,sony,3.39979885852698E-06,10,,FALSE,
193,welcome,6.26282444294309E-06,16,,193,much,3.98650364272868E-06,109,,FALSE,
194,choose,1.34105743342655E-05,17,,194,sexy,4.14114175651395E-06,25,,FALSE,
195,flight,2.07203935300099E-05,9,,195,special,4.62888333295465E-06,48,,FALSE,
196,information,2.91973073874611E-05,12,,196,charge,5.13677544916059E-06,22,,FALSE,
197,mate,3.24322468275682E-05,29,,197,player,5.13677544916059E-06,22,,FALSE,
198,congrats,4.95404971580681E-05,19,,198,dvd,5.20320693053101E-06,8,,FALSE,
199,news,4.95404971580681E-05,19,,199,balance,5.51172184299542E-06,13,,FALSE,
200,fantastic,6.11354343715589E-05,10,,200,unlimited,5.51172184299542E-06,13,,FALSE,
201,store,6.70946761413581E-05,13,,201,secret,6.26282444294309E-06,16,,FALSE,
202,real,7.14367053616046E-05,39,,202,welcome,6.26282444294309E-06,16,,FALSE,
203,easy,7.63950898652687E-05,31,,203,ask,7.91192883092116E-06,83,,FALSE,
204,goto,0.0001226346,8,,204,wat,8.72044381717985E-06,102,,FALSE,
205,replying,0.0001226346,8,,205,good,9.69576954147959E-06,232,,FALSE,
206,important,0.0001649282,25,,206,said,1.21144888479586E-05,80,,FALSE,
207,question,0.0002346783,34,,207,choose,1.34105743342655E-05,17,,FALSE,
208,either,0.0002380827,22,,208,way,2.05900604280859E-05,98,,FALSE,
209,waiting,0.0002488538,52,,209,flight,2.07203935300099E-05,9,,FALSE,
210,trying,0.0002580477,43,,210,information,2.91973073874611E-05,12,,FALSE,
211,area,0.0003163635,12,,211,morning,3.11163340015727E-05,77,,FALSE,
212,etc,0.0003163635,12,,212,mate,3.24322468275682E-05,29,,FALSE,
213,extra,0.0003163635,12,,213,anything,4.3115213741552E-05,72,,FALSE,
214,gay,0.0003264642,9,,214,lol,0.00004699,74,,FALSE,
215,end,0.0004973192,50,,215,congrats,4.95404971580681E-05,19,,FALSE,
216,within,0.0006071798,13,,216,news,4.95404971580681E-05,19,,FALSE,
217,condition,0.0006995226,7,,217,love,5.51031809308592E-05,182,,FALSE,
218,sport,0.0006995226,7,,218,fantastic,6.11354343715589E-05,10,,FALSE,
219,lucky,0.0007749233,17,,219,store,6.70946761413581E-05,13,,FALSE,
220,xxx,0.0009520737,34,,220,amp,6.71479074095671E-05,70,,FALSE,
221,name,0.0009832642,48,,221,already,6.77532262665192E-05,89,,FALSE,
222,log,0.0010759688,14,,222,real,7.14367053616046E-05,39,,FALSE,
223,date,0.0012524237,22,,223,easy,7.63950898652687E-05,31,,FALSE,
224,asap,0.0014151977,11,,224,happy,0.0001008009,86,,FALSE,
225,entered,0.0014151977,11,,225,yeah,0.0001008009,86,,FALSE,
226,link,0.0014151977,11,,226,something,0.0001076046,68,,FALSE,
227,half,0.0014221805,40,,227,sure,0.0001076046,68,,FALSE,
228,weekend,0.0014221805,40,,228,like,0.0001142743,231,,FALSE,
229,cancel,0.0016610069,8,,229,goto,0.0001226346,8,,FALSE,
230,record,0.0016610069,8,,230,replying,0.0001226346,8,,FALSE,
231,today,0.0020357843,180,,231,really,0.0001499649,83,,FALSE,
232,single,0.00251404,12,,232,feel,0.0001544021,63,,FALSE,
233,saturday,0.0028179662,16,,233,important,0.0001649282,25,,FALSE,
234,visit,0.0028179662,16,,234,question,0.0002346783,34,,FALSE,
235,cup,0.0033291933,9,,235,either,0.0002380827,22,,FALSE,
236,part,0.0053282064,31,,236,waiting,0.0002488538,52,,FALSE,
237,immediately,0.0059339399,10,,237,trying,0.0002580477,43,,FALSE,
238,month,0.0068790274,47,,238,thing,0.0003113448,106,,FALSE,
239,speak,0.0086862756,33,,239,area,0.0003163635,12,,FALSE,
240,frnd,0.0095628935,15,,240,etc,0.0003163635,12,,FALSE,
241,loan,0.0096995787,11,,241,extra,0.0003163635,12,,FALSE,
242,rply,0.0096995787,11,,242,gay,0.0003264642,9,,FALSE,
243,next,0.0104283711,60,,243,always,0.0003628184,57,,FALSE,
244,looking,0.0106723121,29,,244,still,0.0003641102,154,,FALSE,
245,enjoy,0.0131216306,40,,245,nice,0.0003765235,59,,FALSE,
246,someone,0.0131472624,56,,246,work,0.0004443004,102,,FALSE,
247,picked,0.0142173791,8,,247,end,0.0004973192,50,,FALSE,
248,pix,0.0142173791,8,,248,sleep,0.0005730366,56,,FALSE,
249,registered,0.0142173791,8,,249,gonna,0.0005730366,0,,FALSE,
250,luck,0.0148321356,12,,250,within,0.0006071798,13,,FALSE,
251,surprise,0.0148321356,12,,251,condition,0.0006995226,7,,FALSE,
252,start,0.0158461702,41,,252,sport,0.0006995226,7,,FALSE,
253,hear,0.805412829,31,,253,hope,0.0007721414,112,,FALSE,
254,feeling,0.8149244604,22,,254,lucky,0.0007749233,17,,FALSE,
255,even,0.8218908246,59,,255,told,0.0008731559,53,,FALSE,
256,confirm,0.8225093286,12,,256,went,0.0008731559,53,,FALSE,
257,india,0.8225093286,12,,257,xxx,0.0009520737,34,,FALSE,
258,load,0.8225093286,12,,258,name,0.0009832642,48,,FALSE,
259,lose,0.8225093286,12,,259,log,0.0010759688,14,,FALSE,
260,met,0.8225093286,12,,260,need,0.0012459393,173,,FALSE,
261,return,0.8225093286,12,,261,date,0.0012524237,22,,FALSE,
262,sort,0.8225093286,12,,262,haha,0.0012998164,49,,FALSE,
263,make,0.8270099558,119,,263,coming,0.0013320376,50,,FALSE,
264,drink,0.8342154215,23,,264,fine,0.0013320376,50,,FALSE,
265,guy,0.8457897231,61,,265,gud,0.0013320376,50,,FALSE,
266,couple,0.8463794063,13,,266,dun,0.0014131936,51,,FALSE,
267,hungry,0.8463794063,13,,267,asap,0.0014151977,11,,FALSE,
268,park,0.8463794063,13,,268,entered,0.0014151977,11,,FALSE,
269,hello,0.8600022104,44,,269,link,0.0014151977,11,,FALSE,
270,tel,0.8670467166,14,,270,half,0.0014221805,40,,FALSE,
271,ten,0.8670467166,14,,271,weekend,0.0014221805,40,,FALSE,
272,missed,0.8674455635,25,,272,cancel,0.0016610069,8,,FALSE,
273,great,0.8758966294,108,,273,record,0.0016610069,8,,FALSE,
274,meet,0.8773292614,82,,274,one,0.001663173,170,,FALSE,
275,bout,0.8849399915,15,,275,well,0.0017161349,118,,FALSE,
276,finally,0.8849399915,15,,276,car,0.0019922941,46,,FALSE,
277,read,0.8849399915,15,,277,mean,0.0019922941,46,,FALSE,
278,used,0.8849399915,15,,278,thk,0.0020345,47,,FALSE,
279,miss,0.8850925913,74,,279,single,0.00251404,12,,FALSE,
280,take,0.8853599458,152,,280,right,0.0026882633,88,,FALSE,
281,pls,0.8901012412,110,,281,today,0.0027604217,180,,FALSE,
282,keep,0.8942876615,66,,282,saturday,0.0028179662,16,,FALSE,
283,boy,0.8944662914,27,,283,visit,0.0028179662,16,,FALSE,
284,dis,0.8944662914,27,,284,meeting,0.0030564629,43,,FALSE,
285,movie,0.8944662914,27,,285,plan,0.0030564629,43,,FALSE,
286,since,0.8944662914,27,,286,thats,0.0030564629,43,,FALSE,
287,anyone,0.9004307057,16,,287,yup,0.0030564629,43,,FALSE,
288,fast,0.9004307057,16,,288,bit,0.0031111665,44,,FALSE,
289,found,0.9004307057,16,,289,hey,0.0032108326,111,,FALSE,
290,party,0.9004307057,16,,290,job,0.0032754209,45,,FALSE,
291,look,0.9011499404,38,,291,cup,0.0033291933,9,,FALSE,
292,done,0.9105433533,49,,292,dat,0.0046934214,40,,FALSE,
293,getting,0.9105433533,49,,293,problem,0.0046934214,40,,FALSE,
294,open,0.9138407054,17,,294,pick,0.004724866,71,,FALSE,
295,sun,0.9138407054,17,,295,finish,0.0049975987,42,,FALSE,
296,touch,0.9138407054,17,,296,long,0.0049975987,42,,FALSE,
297,type,0.9138407054,17,,297,part,0.0053282064,31,,FALSE,
298,whats,0.9138407054,17,,298,late,0.0054495681,57,,FALSE,
299,enough,0.9162974636,29,,299,immediately,0.0059339399,10,,FALSE,
300,email,0.925448823,18,,300,lar,0.0072141508,37,,FALSE,
301,missing,0.925448823,18,,301,liao,0.0072141508,37,,FALSE,
302,taking,0.925448823,18,,302,sweet,0.0072141508,37,,FALSE,
303,sat,0.9255528571,30,,303,smile,0.0073030238,38,,FALSE,
304,think,0.9276277386,143,,304,lunch,0.0076371932,39,,FALSE,
305,buy,0.9329243754,62,,305,month,0.008110466,47,,FALSE,
306,maybe,0.9338382988,31,,306,speak,0.0086862756,33,,FALSE,
307,started,0.9354966123,19,,307,frnd,0.0095628935,15,,FALSE,
308,walk,0.9354966123,19,,308,loan,0.0096995787,11,,FALSE,
309,place,0.9386053226,63,,309,rply,0.0096995787,11,,FALSE,
310,baby,0.9412467801,32,,310,wait,0.0098356685,65,,FALSE,
311,set,0.9441933208,20,,311,looking,0.0106723121,29,,FALSE,
312,brother,0.9517202005,21,,312,watching,0.0111004294,34,,FALSE,
313,driving,0.9517202005,21,,313,eat,0.0112120452,35,,FALSE,
314,story,0.9517202005,21,,314,might,0.0112120452,35,,FALSE,
315,heart,0.9522453886,45,,315,quite,0.0112120452,35,,FALSE,
316,wan,0.954073772,94,,316,person,0.011518425,50,,FALSE,
317,dont,0.9590363165,134,,317,dinner,0.0116903685,36,,FALSE,
318,big,0.9637176605,36,,318,next,0.0124018039,60,,FALSE,
319,wife,0.9638714259,23,,319,time,0.0128691973,234,,FALSE,
320,tonight,0.9659081887,59,,320,picked,0.0142173791,8,,FALSE,
321,another,0.9678879705,37,,321,pix,0.0142173791,8,,FALSE,
322,world,0.9678879705,37,,322,registered,0.0142173791,8,,FALSE,
323,else,0.9687495065,24,,323,luck,0.0148321356,12,,FALSE,
324,wot,0.9687495065,24,,324,surprise,0.0148321356,12,,FALSE,
325,people,0.9722788013,50,,325,someone,0.0164110498,56,,FALSE,
326,care,0.9757136111,73,,326,enjoy,0.0164320279,40,,FALSE,
327,mind,0.9778129425,40,,327,dunno,0.0171003447,31,,FALSE,
328,cant,0.9795460641,64,,328,early,0.0171003447,31,,FALSE,
329,came,0.9797824566,27,,329,shall,0.0171003447,31,,FALSE,
330,made,0.9797824566,27,,330,wont,0.0171003447,31,,FALSE,
331,pay,0.9797824566,27,,331,actually,0.0172399625,32,,FALSE,
332,though,0.9797824566,27,,332,bus,0.0172399625,32,,FALSE,
333,cool,0.9804064241,41,,333,forgot,0.0172399625,32,,FALSE,
334,many,0.9822754749,54,,334,jus,0.0172399625,32,,FALSE,
335,sound,0.9825161683,28,,335,kiss,0.0172399625,32,,FALSE,
336,birthday,0.9848810944,29,,336,princess,0.0172399625,32,,FALSE,
337,thank,0.9848810944,29,,337,remember,0.0172399625,32,,FALSE,
338,money,0.9858783732,56,,338,thanx,0.0172399625,32,,FALSE,
339,evening,0.9869268697,30,,339,watch,0.0172399625,32,,FALSE,
340,put,0.9869268697,30,,340,worry,0.0172399625,32,,FALSE,
341,give,0.9876730891,101,,341,thought,0.0175373704,48,,FALSE,
342,would,0.9879229281,69,,342,aight,0.0179269576,33,,FALSE,
343,left,0.9886964645,31,,343,probably,0.0179269576,33,,FALSE,
344,office,0.9886964645,31,,344,start,0.0187128757,41,,FALSE,
345,man,0.9895509906,46,,345,around,0.0199093406,57,,FALSE,
346,bad,0.990227077,32,,346,nothing,0.8119932849,38,,FALSE,
347,two,0.990227077,32,,347,check,0.8133084707,39,,FALSE,
348,soon,0.9910947491,60,,348,ready,0.8176389621,41,,FALSE,
349,called,0.9915509067,33,,349,talk,0.8296163545,47,,FALSE,
350,yet,0.9928713201,49,,350,may,0.831212057,48,,FALSE,
351,know,0.9939147055,253,,351,try,0.8334459189,49,,FALSE,
352,shit,0.9945421757,36,,352,hour,0.8398718147,52,,FALSE,
353,night,0.9956297014,112,,353,believe,1,20,,FALSE,
354,room,0.9959227297,38,,354,old,1,20,,FALSE,
355,sir,0.9959227297,38,,355,christmas,1,11,,FALSE,
356,lot,0.9962591018,54,,356,could,1,56,,FALSE,
357,time,0.9967040776,234,,357,door,1,11,,FALSE,
358,leave,0.9967151012,55,,358,dream,1,26,,FALSE,
359,let,0.996847784,93,,359,fact,1,11,,FALSE,
360,wish,0.9971164441,56,,360,laugh,1,11,,FALSE,
361,god,0.9973684621,41,,361,rock,1,11,,FALSE,
362,house,0.9973684621,41,,362,simple,1,11,,FALSE,
363,ill,0.9973684621,41,,363,slow,1,11,,FALSE,
364,never,0.9973684621,41,,364,stay,1,25,,FALSE,
365,around,0.9974695446,57,,365,first,1,62,,FALSE,
366,also,0.9975902624,71,,366,couple,1,13,,FALSE,
367,life,0.9975902624,71,,367,hungry,1,13,,FALSE,
368,better,0.9977260879,42,,368,park,1,13,,FALSE,
369,class,0.9983024302,44,,369,completely,1,9,,FALSE,
370,stuff,0.9985333801,45,,370,drop,1,19,,FALSE,
371,thought,0.9990545494,48,,371,ice,1,9,,FALSE,
372,wait,0.9991192624,65,,372,kinda,1,9,,FALSE,
373,person,0.9992946644,50,,373,pub,1,19,,FALSE,
374,hey,0.9995719113,111,,374,rose,1,9,,FALSE,
375,pick,0.9996051981,71,,375,round,1,9,,FALSE,
376,one,0.9996414902,170,,376,bedroom,1,8,,FALSE,
377,right,0.9997076947,88,,377,black,1,8,,FALSE,
378,need,0.9997335776,173,,378,blue,1,10,,FALSE,
379,late,0.9997474991,57,,379,busy,1,21,,FALSE,
380,well,0.9998092492,118,,380,complete,1,8,,FALSE,
381,hope,0.9999183824,112,,381,confirm,1,12,,FALSE,
382,still,0.9999477457,154,,382,cute,1,8,,FALSE,
383,work,0.9999516753,102,,383,day,1,262,,FALSE,
384,thing,0.9999713522,106,,384,deal,1,10,,FALSE,
385,like,0.9999788199,231,,385,dog,1,8,,FALSE,
386,love,0.9999913279,182,,386,everyone,1,17,,FALSE,
387,really,0.9999945741,83,,387,fall,1,8,,FALSE,
388,happy,0.9999965251,86,,388,forget,1,16,,FALSE,
389,yeah,0.9999965251,86,,389,giving,1,8,,FALSE,
390,already,0.9999977758,89,,390,glad,1,10,,FALSE,
391,good,0.9999982551,232,,391,however,1,8,,FALSE,
392,way,0.9999994185,98,,392,india,1,12,,FALSE,
393,wat,0.9999996802,102,,393,interested,1,8,,FALSE,
394,much,0.9999998879,109,,394,load,1,12,,FALSE,
395,going,0.9999999348,167,,395,lose,1,12,,FALSE,
396,sorry,0.999999935,151,,396,met,1,12,,FALSE,
397,got,0.9999999942,241,,397,mistake,1,10,,FALSE,
398,home,0.9999999993,165,,398,nite,1,31,,FALSE,
399,come,1,236,,399,opinion,1,10,,FALSE,
400,abiola,1,11,,400,page,1,10,,FALSE,
401,able,1,26,,401,paying,1,8,,FALSE,
402,abt,1,24,,402,pete,1,10,,FALSE,
403,across,1,10,,403,return,1,12,,FALSE,
404,actually,1,32,,404,search,1,17,,FALSE,
405,add,1,8,,405,sort,1,12,,FALSE,
406,aft,1,19,,406,tell,1,140,,FALSE,
407,afternoon,1,29,,407,town,1,28,,FALSE,
408,ago,1,13,,408,turn,1,10,,FALSE,
409,aha,1,8,,409,yesterday,1,24,,FALSE,
410,aight,1,33,,410,bird,1,7,,FALSE,
411,alex,1,8,,411,key,1,7,,FALSE,
412,almost,1,13,,,,,,,FALSE,
413,alright,1,24,,,,,,,FALSE,
414,always,1,57,,,,,,,FALSE,
415,amp,1,70,,,,,,,FALSE,
416,angry,1,14,,,,,,,FALSE,
417,anymore,1,8,,,,,,,FALSE,
418,anything,1,72,,,,,,,FALSE,
419,anyway,1,29,,,,,,,FALSE,
420,apartment,1,8,,,,,,,FALSE,
421,ard,1,21,,,,,,,FALSE,
422,ask,1,83,,,,,,,FALSE,
423,askd,1,12,,,,,,,FALSE,
424,asking,1,11,,,,,,,FALSE,
425,awesome,1,19,,,,,,,FALSE,
426,bag,1,10,,,,,,,FALSE,
427,bak,1,8,,,,,,,FALSE,
428,bath,1,10,,,,,,,FALSE,
429,bathe,1,10,,,,,,,FALSE,
430,bcoz,1,11,,,,,,,FALSE,
431,beautiful,1,19,,,,,,,FALSE,
432,bed,1,30,,,,,,,FALSE,
433,bit,1,44,,,,,,,FALSE,
434,blood,1,8,,,,,,,FALSE,
435,bold,1,8,,,,,,,FALSE,
436,booked,1,10,,,,,,,FALSE,
437,bos,1,9,,,,,,,FALSE,
438,boytoy,1,16,,,,,,,FALSE,
439,bring,1,24,,,,,,,FALSE,
440,bslvyl,1,13,,,,,,,FALSE,
441,bus,1,32,,,,,,,FALSE,
442,buying,1,8,,,,,,,FALSE,
443,cake,1,9,,,,,,,FALSE,
444,car,1,46,,,,,,,FALSE,
445,carlos,1,17,,,,,,,FALSE,
446,case,1,14,,,,,,,FALSE,
447,catch,1,10,,,,,,,FALSE,
448,cause,1,19,,,,,,,FALSE,
449,change,1,24,,,,,,,FALSE,
450,checking,1,11,,,,,,,FALSE,
451,cheer,1,11,,,,,,,FALSE,
452,chennai,1,14,,,,,,,FALSE,
453,chikku,1,17,,,,,,,FALSE,
454,clean,1,10,,,,,,,FALSE,
455,coffee,1,8,,,,,,,FALSE,
456,college,1,16,,,,,,,FALSE,
457,comin,1,11,,,,,,,FALSE,
458,coming,1,50,,,,,,,FALSE,
459,convey,1,10,,,,,,,FALSE,
460,copy,1,10,,,,,,,FALSE,
461,course,1,14,,,,,,,FALSE,
462,cover,1,10,,,,,,,FALSE,
463,coz,1,22,,,,,,,FALSE,
464,crave,1,11,,,,,,,FALSE,
465,cut,1,11,,,,,,,FALSE,
466,cuz,1,7,,,,,,,FALSE,
467,dad,1,30,,,,,,,FALSE,
468,daddy,1,8,,,,,,,FALSE,
469,darlin,1,15,,,,,,,FALSE,
470,darren,1,11,,,,,,,FALSE,
471,dat,1,40,,,,,,,FALSE,
472,dead,1,9,,,,,,,FALSE,
473,decide,1,9,,,,,,,FALSE,
474,decided,1,16,,,,,,,FALSE,
475,decimal,1,22,,,,,,,FALSE,
476,deep,1,10,,,,,,,FALSE,
477,den,1,28,,,,,,,FALSE,
478,didnt,1,30,,,,,,,FALSE,
479,die,1,13,,,,,,,FALSE,
480,different,1,10,,,,,,,FALSE,
481,difficult,1,12,,,,,,,FALSE,
482,din,1,8,,,,,,,FALSE,
483,dinner,1,36,,,,,,,FALSE,
484,disturb,1,9,,,,,,,FALSE,
485,dnt,1,13,,,,,,,FALSE,
486,doctor,1,10,,,,,,,FALSE,
487,doesnt,1,9,,,,,,,FALSE,
488,doin,1,10,,,,,,,FALSE,
489,drive,1,18,,,,,,,FALSE,
490,drug,1,15,,,,,,,FALSE,
491,dude,1,23,,,,,,,FALSE,
492,dun,1,51,,,,,,,FALSE,
493,dunno,1,31,,,,,,,FALSE,
494,earlier,1,14,,,,,,,FALSE,
495,early,1,31,,,,,,,FALSE,
496,eat,1,35,,,,,,,FALSE,
497,egg,1,8,,,,,,,FALSE,
498,especially,1,9,,,,,,,FALSE,
499,everything,1,28,,,,,,,FALSE,
500,exam,1,15,,,,,,,FALSE,
501,excellent,1,9,,,,,,,FALSE,
502,excuse,1,9,,,,,,,FALSE,
503,face,1,20,,,,,,,FALSE,
504,facebook,1,8,,,,,,,FALSE,
505,family,1,22,,,,,,,FALSE,
506,far,1,16,,,,,,,FALSE,
507,fat,1,8,,,,,,,FALSE,
508,father,1,9,,,,,,,FALSE,
509,feel,1,63,,,,,,,FALSE,
510,felt,1,13,,,,,,,FALSE,
511,figure,1,10,,,,,,,FALSE,
512,fill,1,8,,,,,,,FALSE,
513,fine,1,50,,,,,,,,
514,finger,1,8,,,,,,,,
515,finish,1,42,,,,,,,,
516,finished,1,19,,,,,,,,
517,food,1,22,,,,,,,,
518,forever,1,9,,,,,,,,
519,forgot,1,32,,,,,,,,
520,frens,1,8,,,,,,,,
521,friday,1,16,,,,,,,,
522,friendship,1,23,,,,,,,,
523,frm,1,13,,,,,,,,
524,frnds,1,14,,,,,,,,
525,fuck,1,28,,,,,,,,
526,fucking,1,15,,,,,,,,
527,full,1,21,,,,,,,,
528,funny,1,8,,,,,,,,
529,gal,1,11,,,,,,,,
530,gas,1,13,,,,,,,,
531,gave,1,10,,,,,,,,
532,goin,1,22,,,,,,,,
533,gone,1,16,,,,,,,,
534,goodmorning,1,15,,,,,,,,
535,goodnight,1,9,,,,,,,,
536,grin,1,12,,,,,,,,
537,gud,1,50,,,,,,,,
538,gym,1,12,,,,,,,,
539,haf,1,23,,,,,,,,
540,haha,1,49,,,,,,,,
541,hair,1,21,,,,,,,,
542,hand,1,16,,,,,,,,
543,happen,1,20,,,,,,,,
544,happened,1,16,,,,,,,,
545,happening,1,7,,,,,,,,
546,happiness,1,12,,,,,,,,
547,hav,1,24,,,,,,,,
548,havent,1,24,,,,,,,,
549,head,1,21,,,,,,,,
550,hee,1,13,,,,,,,,
551,hiya,1,9,,,,,,,,
552,hmm,1,14,,,,,,,,
553,hmmm,1,13,,,,,,,,
554,hold,1,14,,,,,,,,
555,honey,1,8,,,,,,,,
556,hoping,1,9,,,,,,,,
557,hospital,1,11,,,,,,,,
558,hows,1,15,,,,,,,,
559,huh,1,20,,,,,,,,
560,hurt,1,26,,,,,,,,
561,idea,1,11,,,,,,,,
562,ish,1,12,,,,,,,,
563,ive,1,8,,,,,,,,
564,jay,1,14,,,,,,,,
565,job,1,45,,,,,,,,
566,john,1,9,,,,,,,,
567,joke,1,11,,,,,,,,
568,joy,1,9,,,,,,,,
569,jus,1,32,,,,,,,,
570,juz,1,24,,,,,,,,
571,kate,1,11,,,,,,,,
572,kid,1,10,,,,,,,,
573,kind,1,16,,,,,,,,
574,kiss,1,32,,,,,,,,
575,knew,1,12,,,,,,,,
576,knw,1,13,,,,,,,,
577,laptop,1,12,,,,,,,,
578,lar,1,37,,,,,,,,
579,later,1,132,,,,,,,,
580,lazy,1,9,,,,,,,,
581,leaf,1,11,,,,,,,,
582,least,1,15,,,,,,,,
583,leaving,1,20,,,,,,,,
584,leh,1,29,,,,,,,,
585,lei,1,23,,,,,,,,
586,lesson,1,25,,,,,,,,
587,letter,1,8,,,,,,,,
588,liao,1,37,,,,,,,,
589,library,1,8,,,,,,,,
590,light,1,14,,,,,,,,
591,lol,1,74,,,,,,,,
592,long,1,42,,,,,,,,
593,longer,1,8,,,,,,,,
594,lor,1,145,,,,,,,,
595,lovable,1,11,,,,,,,,
596,loved,1,10,,,,,,,,
597,lovely,1,15,,,,,,,,
598,loving,1,17,,,,,,,,
599,lunch,1,39,,,,,,,,
600,mah,1,12,,,,,,,,
601,mail,1,27,,,,,,,,
602,making,1,23,,,,,,,,
603,march,1,13,,,,,,,,
604,mark,1,8,,,,,,,,
605,mayb,1,13,,,,,,,,
606,mean,1,46,,,,,,,,
607,meant,1,14,,,,,,,,
608,meeting,1,43,,,,,,,,
609,meh,1,9,,,,,,,,
610,merry,1,10,,,,,,,,
611,might,1,35,,,,,,,,
612,mine,1,18,,,,,,,,
613,mode,1,9,,,,,,,,
614,model,1,7,,,,,,,,
615,mom,1,20,,,,,,,,
616,moment,1,13,,,,,,,,
617,mon,1,9,,,,,,,,
618,monday,1,11,,,,,,,,
619,mood,1,8,,,,,,,,
620,moral,1,9,,,,,,,,
621,morning,1,77,,,,,,,,
622,move,1,13,,,,,,,,
623,mrng,1,13,,,,,,,,
624,mrt,1,9,,,,,,,,
625,mum,1,20,,,,,,,,
626,muz,1,10,,,,,,,,
627,nah,1,10,,,,,,,,
628,near,1,8,,,,,,,,
629,neva,1,17,,,,,,,,
630,nice,1,59,,,,,,,,
631,nigeria,1,8,,,,,,,,
632,nobody,1,10,,,,,,,,
633,noe,1,20,,,,,,,,
634,noon,1,9,,,,,,,,
635,nope,1,15,,,,,,,,
636,okay,1,27,,,,,,,,
637,okie,1,17,,,,,,,,
638,omg,1,8,,,,,,,,
639,omw,1,7,,,,,,,,
640,online,1,22,,,,,,,,
641,oops,1,10,,,,,,,,
642,orchard,1,11,,,,,,,,
643,oredi,1,15,,,,,,,,
644,oso,1,23,,,,,,,,
645,others,1,9,,,,,,,,
646,otherwise,1,10,,,,,,,,
647,outside,1,15,,,,,,,,
648,pain,1,26,,,,,,,,
649,paper,1,11,,,,,,,,
650,parent,1,16,,,,,,,,
651,picking,1,12,,,,,,,,
652,pizza,1,8,,,,,,,,
653,plan,1,43,,,,,,,,
654,planning,1,8,,,,,,,,
655,plz,1,21,,,,,,,,
656,poor,1,9,,,,,,,,
657,possible,1,9,,,,,,,,
658,pray,1,10,,,,,,,,
659,present,1,8,,,,,,,,
660,pretty,1,15,,,,,,,,
661,princess,1,32,,,,,,,,
662,prob,1,16,,,,,,,,
663,probably,1,33,,,,,,,,
664,problem,1,40,,,,,,,,
665,project,1,15,,,,,,,,
666,promise,1,10,,,,,,,,
667,quick,1,8,,,,,,,,
668,quite,1,35,,,,,,,,
669,rain,1,9,,,,,,,,
670,rakhesh,1,10,,,,,,,,
671,reached,1,10,,,,,,,,
672,reaching,1,8,,,,,,,,
673,reading,1,13,,,,,,,,
674,reason,1,18,,,,,,,,
675,remember,1,32,,,,,,,,
676,rent,1,11,,,,,,,,
677,rest,1,11,,,,,,,,
678,rite,1,19,,,,,,,,
679,road,1,10,,,,,,,,
680,roommate,1,8,,,,,,,,
681,run,1,26,,,,,,,,
682,sad,1,21,,,,,,,,
683,safe,1,11,,,,,,,,
684,said,1,80,,,,,,,,
685,saw,1,24,,,,,,,,
686,say,1,113,,,,,,,,
687,saying,1,19,,,,,,,,
688,sch,1,20,,,,,,,,
689,school,1,26,,,,,,,,
690,sea,1,15,,,,,,,,
691,second,1,20,,,,,,,,
692,seeing,1,14,,,,,,,,
693,seems,1,9,,,,,,,,
694,seen,1,12,,,,,,,,
695,sell,1,10,,,,,,,,
696,semester,1,11,,,,,,,,
697,seriously,1,9,,,,,,,,
698,shall,1,31,,,,,,,,
699,shirt,1,8,,,,,,,,
700,short,1,10,,,,,,,,
701,shower,1,12,,,,,,,,
702,sick,1,9,,,,,,,,
703,side,1,13,,,,,,,,
704,silent,1,9,,,,,,,,
705,sister,1,18,,,,,,,,
706,sitting,1,9,,,,,,,,
707,situation,1,10,,,,,,,,
708,slave,1,8,,,,,,,,
709,sleep,1,56,,,,,,,,
710,sleeping,1,20,,,,,,,,
711,slept,1,8,,,,,,,,
712,slowly,1,10,,,,,,,,
713,small,1,11,,,,,,,,
714,smile,1,38,,,,,,,,
715,smiling,1,16,,,,,,,,
716,smoke,1,14,,,,,,,,
717,smth,1,15,,,,,,,,
718,snow,1,12,,,,,,,,
719,sofa,1,9,,,,,,,,
720,something,1,68,,,,,,,,
721,somewhere,1,10,,,,,,,,
722,south,1,8,,,,,,,,
723,spend,1,10,,,,,,,,
724,spent,1,8,,,,,,,,
725,stand,1,9,,,,,,,,
726,staying,1,9,,,,,,,,
727,study,1,10,,,,,,,,
728,studying,1,9,,,,,,,,
729,stupid,1,13,,,,,,,,
730,style,1,9,,,,,,,,
731,sunday,1,11,,,,,,,,
732,supposed,1,11,,,,,,,,
733,sure,1,68,,,,,,,,
734,sweet,1,37,,,,,,,,
735,swing,1,12,,,,,,,,
736,talking,1,13,,,,,,,,
737,tampa,1,9,,,,,,,,
738,teach,1,8,,,,,,,,
739,tear,1,8,,,,,,,,
740,telling,1,12,,,,,,,,
741,test,1,24,,,,,,,,
742,thanx,1,32,,,,,,,,
743,thats,1,43,,,,,,,,
744,thinkin,1,9,,,,,,,,
745,thinking,1,19,,,,,,,,
746,thk,1,47,,,,,,,,
747,tho,1,18,,,,,,,,
748,thru,1,8,,,,,,,,
749,tht,1,9,,,,,,,,
750,til,1,25,,,,,,,,
751,tired,1,13,,,,,,,,
752,tmr,1,27,,,,,,,,
753,together,1,21,,,,,,,,
754,told,1,53,,,,,,,,
755,tomo,1,19,,,,,,,,
756,tonite,1,9,,,,,,,,
757,took,1,19,,,,,,,,
758,tot,1,21,,,,,,,,
759,train,1,11,,,,,,,,
760,training,1,8,,,,,,,,
761,treat,1,17,,,,,,,,
762,trouble,1,8,,,,,,,,
763,trust,1,9,,,,,,,,
764,truth,1,10,,,,,,,,
765,ugh,1,12,,,,,,,,
766,uncle,1,16,,,,,,,,
767,understand,1,13,,,,,,,,
768,unless,1,9,,,,,,,,
769,urself,1,9,,,,,,,,
770,usf,1,11,,,,,,,,
771,usual,1,10,,,,,,,,
772,voice,1,10,,,,,,,,
773,wake,1,26,,,,,,,,
774,wana,1,11,,,,,,,,
775,wanted,1,25,,,,,,,,
776,watch,1,32,,,,,,,,
777,watching,1,34,,,,,,,,
778,water,1,10,,,,,,,,
779,wednesday,1,8,,,,,,,,
780,weed,1,9,,,,,,,,
781,wen,1,23,,,,,,,,
782,went,1,53,,,,,,,,
783,whatever,1,15,,,,,,,,
784,whenever,1,10,,,,,,,,
785,whole,1,14,,,,,,,,
786,wif,1,26,,,,,,,,
787,wil,1,18,,,,,,,,
788,wine,1,11,,,,,,,,
789,wishing,1,10,,,,,,,,
790,wit,1,13,,,,,,,,
791,without,1,22,,,,,,,,
792,woke,1,10,,,,,,,,
793,wonder,1,15,,,,,,,,
794,wonderful,1,14,,,,,,,,
795,wondering,1,9,,,,,,,,
796,wont,1,31,,,,,,,,
797,working,1,29,,,,,,,,
798,worried,1,10,,,,,,,,
799,worry,1,32,,,,,,,,
800,write,1,10,,,,,,,,
801,wrong,1,15,,,,,,,,
802,yar,1,13,,,,,,,,
803,yep,1,10,,,,,,,,
804,yup,1,43,,,,,,,,
805,alrite,1,7,,,,,,,,
806,bother,1,7,,,,,,,,
807,buck,1,7,,,,,,,,
808,cine,1,7,,,,,,,,
809,cold,1,7,,,,,,,,
810,eating,1,7,,,,,,,,
811,fault,1,7,,,,,,,,
812,file,1,7,,,,,,,,
813,gee,1,7,,,,,,,,
814,gonna,1,0,,,,,,,,
815,gotta,1,0,,,,,,,,
816,happens,1,7,,,,,,,,
817,including,1,7,,,,,,,,
818,lemme,1,0,,,,,,,,
819,lift,1,7,,,,,,,,
820,meaning,1,7,,,,,,,,
821,planned,1,7,,,,,,,,
822,share,1,7,,,,,,,,
823,sigh,1,7,,,,,,,,
824,tat,1,7,,,,,,,,
825,umma,1,7,,,,,,,,
826,worse,1,7,,,,,,,,
